Tipo,Col_1,Col_2,Col_3,Col_4,Col_5,Col_6,Col_7,Col_8,Col_9,Col_10,Col_11,Col_12
Detalle_Produccion,01-10-2026,GLOBAL,1,527876,"Hector, MONTILLA",BULLDENIM 11,8 Urd,1062,9,11000,0,0.000
Detalle_Produccion,01-10-2026,GLOBAL,2,527877,"Hector, MONTILLA",BULLDENIM 11,8 Urd,1062,10,19500,2,0.296
Detalle_Produccion,01-10-2026,GLOBAL,3,527883,"JOSE, OCHOA",BULLDENIM 11,8 Urd,1062,6,16500,0,0.000
Detalle_Produccion,01-10-2026,GLOBAL,4,527884,"JOSE, OCHOA",BULLDENIM 11,8 Urd,1062,7,19500,0,0.000
Detalle_Produccion,01-10-2026,GLOBAL,5,527885,"JOSE, OCHOA",BULLDENIM 11,8 Urd,1062,11,19500,0,0.000
Detalle_Produccion,01-10-2026,GLOBAL,6,527886,"JOSE, OCHOA",BULLDENIM 11,8 Urd,1062,12,19500,0,0.000
Detalle_Produccion,01-10-2026,GLOBAL,1,527878,"Hector, MONTILLA",ARANDANO DARK,8 Urd,2087,2,4000,3,2.239
Detalle_Produccion,01-10-2026,GLOBAL,2,527879,"Hector, MONTILLA",ARANDANO DARK,8 Urd,2087,3,18000,11,1.824
Detalle_Produccion,01-10-2026,GLOBAL,3,527880,"Hector, MONTILLA",ARANDANO DARK,8 Urd,2087,4,18000,8,1.327
Detalle_Produccion,01-10-2026,GLOBAL,4,527881,"Hector, MONTILLA",ARANDANO DARK,8 Urd,2087,5,18000,9,1.493
Detalle_Produccion,01-10-2026,GLOBAL,5,527882,"Hector, MONTILLA",ARANDANO DARK,8 Urd,2087,6,11700,3,0.765
Detalle_Produccion,01-10-2026,GLOBAL,6,527891,"WILMER , CASTILLO",ARANDANO DARK,8 Urd,2087,7,18000,0,0.000
Detalle_Produccion,01-10-2026,GLOBAL,1,527887,"JOSE, OCHOA",ARANDANO DARK,8 Urd,3064,1,18000,0,0.000
Detalle_Produccion,01-10-2026,GLOBAL,2,527888,"JOSE, OCHOA",ARANDANO DARK,8 Urd,3064,2,7500,0,0.000
Detalle_Produccion,01-10-2026,GLOBAL,3,527889,"WILMER , CASTILLO",ARANDANO DARK,8 Urd,3064,8,18000,0,0.000
Detalle_Produccion,01-10-2026,GLOBAL,4,527890,"WILMER , CASTILLO",ARANDANO DARK,8 Urd,3064,9,14000,0,0.000
Roturas_Maquina,01-10-2026,1,GLOBAL,27,Interferencia entre hilos,1,,,,,,
Roturas_Maquina,01-10-2026,2,GLOBAL,23,Queso picado interno (OE),1,,,,,,
Roturas_Maquina,01-10-2026,1,GLOBAL,27,Interferencia entre hilos,21,,,,,,
Roturas_Maquina,01-10-2026,2,GLOBAL,1,Moña,6,,,,,,
Roturas_Maquina,01-10-2026,3,GLOBAL,23,Queso picado interno (OE),5,,,,,,
Roturas_Maquina,01-10-2026,4,GLOBAL,31,Interferencia manipulacion,2,,,,,,
Roturas_Maquina,01-10-2026,1,GLOBAL,1,Hilos sueltos,7,,,,,,
